sample	N50	L50	num_contigs	largest_contig	total_length	num_bins	assembly_mapping_percent
KRGM_100_05gb_M	5571	10209	60185	296200	258224482	68	67.920235
KRGM_91_05gb_M							61.967415
KRGM_92_05gb_M							74.065384
KRGM_93_05gb_M							76.81668
KRGM_94_05gb_M							77.335
KRGM_95_05gb_M							73.442116
KRGM_96_05gb_M							79.06021
KRGM_97_05gb_M							59.23385
KRGM_98_05gb_M							65.37668
KRGM_99_05gb_M							66.937706