sample	N50	L50	num_contigs	largest_contig	total_length	num_bins	assembly_mapping_percent
D1_P102_M	7118	17482	125076	375609	609488644	121	82.31422
D1_P107_M							89.25508
D1_P167_M							76.47682
D1_P225_M							40.9836
D1_P295_M							90.45935
D1_P304_M							86.32107
D1_P46_M							31.209517
D1_P47_M							70.8778