sample	N50	L50	num_contigs	largest_contig	total_length	num_bins	assembly_mapping_percent
D3_P186_M	4999	26101	158700	399188	635710149	112	64.843376
D3_P190_M							52.505856
D3_P191_M							60.156113
D3_P265_M							88.131966
D3_P266_M							22.707489
D3_P41_M							64.84114
D3_P75_M							83.095604
D3_P9_M							69.54472