sample	N50	L50	num_contigs	largest_contig	total_length	num_bins	assembly_mapping_percent
G1_P178_M	10230	11068	91961	382136	542085560	144	89.76202
G1_P196_M							83.01358
G1_P276_M							83.98657
G1_P291_M							91.80433
G1_P294_M							83.46901
G1_P43_M							92.51449
G1_P74_M							81.171616
G1_P82_M							91.46031