sample	N50	L50	num_contigs	largest_contig	total_length	num_bins	assembly_mapping_percent
G3_P143_M	9019	14409	119941	382136	641942124	158	74.6712
G3_P149_M							84.30726
G3_P14_M							91.715126
G3_P179_M							90.46556
G3_P212_M							51.68292
G3_P261_M							91.40265
G3_P301_M							89.44929
G3_P84_M							47.14213